{
  "kappa42_MC11_powheg_160404-180252_7TeV_ReRecoNov08": {
    "step": 1, 
    "weights": [
      0.27627710294043673, 
      0.019966323353399408, 
      0.056913394726120677, 
      0.51764755183539635, 
      1.3638405192614684, 
      1.5141777144167907, 
      1.4974875527084492, 
      1.385027495897488, 
      1.2222911925990534, 
      1.3321413183541004, 
      1.3988087541992271, 
      1.5943292922679879, 
      1.464554549299129, 
      1.373849466440086, 
      1.2279776307035004, 
      1.0403141242664822, 
      0.91570186877986359, 
      0.43902373241486142, 
      0.25871614721941649, 
      0.10873676295988242, 
      0.039989273359053772, 
      0.012844456362074696, 
      0.0041707278104526893, 
      0.0011220978068110636, 
      0.00033411268278889445, 
      0.00010900796946437706, 
      3.5961706145225413e-05, 
      1.9513192831564692e-05, 
      4.4873764140976237e-06, 
      1.8143483777981653e-06, 
      1.8603512946287326e-06, 
      5.2986574225108986e-06, 
      1.2559858961866142e-05, 
      9.3230174041393114e-05, 
      4.1961625172184109e-05, 
      0.00017053916671413069, 
      0.00010935704643196984, 
      0.006095771808879308, 
      0.0, 
      0.00018281361827831452, 
      0.0, 
      0.0, 
      0.0, 
      0.0, 
      0.0, 
      0.0, 
      0.0, 
      0.0, 
      0.0, 
      0.0
    ], 
    "xsection": 1614.0
  }, 
  "kappa44_MC11_powheg_160404-180252_7TeV_ReRecoNov08": {
    "step": 1, 
    "weights": [
      0.27607052713052838, 
      0.019961847753939957, 
      0.056893087176603414, 
      0.5174255478536387, 
      1.3635307436211654, 
      1.5139568735126931, 
      1.4973264952835923, 
      1.3849588771034411, 
      1.2224345624226567, 
      1.3323511752036794, 
      1.3994415939569516, 
      1.5949485567466113, 
      1.4652867934377865, 
      1.3747088853827405, 
      1.2289038810376713, 
      1.0409054010131749, 
      0.91655050862091247, 
      0.43934686830806513, 
      0.25894218696578486, 
      0.10889695997113626, 
      0.040039651832166803, 
      0.012859063370554258, 
      0.0041742684162014631, 
      0.0011229022883078497, 
      0.00033414802181956437, 
      0.00010900151522267948, 
      3.5918412290461195e-05, 
      1.9455209175374043e-05, 
      4.4679815925138885e-06, 
      1.8003431010994606e-06, 
      1.8380525750655579e-06, 
      5.2111042606092443e-06, 
      1.2275228045858097e-05, 
      9.0229005420506728e-05, 
      4.0156835609378031e-05, 
      0.00016195573719118565, 
      0.00010121089704849582, 
      0.0058795684583086991, 
      0.0, 
      0.00016051307934739379, 
      0.0, 
      0.0, 
      0.0, 
      0.0, 
      0.0, 
      0.0, 
      0.0, 
      0.0, 
      0.0, 
      0.0
    ], 
    "xsection": 1614.0
  }, 
  "kappa52_MC12_190456-196531_8TeV_PromptReco": {
    "step": 1, 
    "weights": [
      0.007959684852333249, 
      0.0043820623451247343, 
      0.013231616113955482, 
      0.31456216528652836, 
      0.28192968337788543, 
      0.097955471329313509, 
      0.44181495901474516, 
      1.1021043583751344, 
      2.2618437655033845, 
      3.9189692336040793, 
      5.7694567390777829, 
      7.6969445040828441, 
      7.9769742609742726, 
      8.0369548390926315, 
      7.7344459953269267, 
      6.7303344142289152, 
      4.8862020035991893, 
      3.2737053724703959, 
      2.2258122352222971, 
      1.6202463795558733, 
      1.2693744374999314, 
      1.0446653393268366, 
      0.8873423996983002, 
      0.77254412911285897, 
      0.66840772458473441, 
      0.57846397242274017, 
      0.49264453505430261, 
      0.41543048703072577, 
      0.34269373241677797, 
      0.28168010384359188, 
      0.23085361063092924, 
      0.18743010652643244, 
      0.15148898263495622, 
      0.12280801002426379, 
      0.099507914417477195, 
      0.079917029465349732, 
      0.064219634394548114, 
      0.052233512923109099, 
      0.042449870037839038, 
      0.034544899821661625, 
      0.028471815724884209, 
      0.023971601017865, 
      0.020470230349825549, 
      0.017589265235382658, 
      0.015789370430648472, 
      0.014319834268442164, 
      0.013325471258461443, 
      0.013058066751075183, 
      0.0129857951052088, 
      0.013266110742274568
    ], 
    "xsection": 1614.0
  }, 
  "kappa52_MC12_190456-199011_8TeV_PromptReco": {
    "step": 1, 
    "weights": [
      0.007407612439260941, 
      0.0037877609359525488, 
      0.0037266118808965947, 
      0.0084270953280560102, 
      0.020857902656315961, 
      0.04156253909078176, 
      0.23478219674733775, 
      0.68379480156132777, 
      1.4726499248813922, 
      2.6652443313227288, 
      3.9895653011094683, 
      5.5829213684888055, 
      6.1749106154962679, 
      6.5035986989634296, 
      6.4330059684465404, 
      5.9663111321416338, 
      4.8881674590358584, 
      3.6403130104051629, 
      2.5486220969393214, 
      1.811920162272521, 
      1.3819111129566402, 
      1.1258525401944086, 
      0.96106258161376856, 
      0.84789755470110795, 
      0.74802850519803843, 
      0.66446167528120015, 
      0.58424248715601268, 
      0.51102485464855973, 
      0.4389289338583558, 
      0.37693872310421156, 
      0.32380134439814534, 
      0.27640430471598737, 
      0.23556896352131784, 
      0.20193527088014102, 
      0.17349050676527997, 
      0.14813464957697647, 
      0.12689548398033829, 
      0.11032043022274728, 
      0.096093159576418993, 
      0.084044583304929657, 
      0.074657460996428129, 
      0.067941135951924941, 
      0.062893096447182065, 
      0.058756691946274017, 
      0.057517847628091846, 
      0.057057386112688416, 
      0.058251185647914809, 
      0.06281474574486659, 
      0.068947775726869623, 
      0.077976922706604432
    ], 
    "xsection": 2950.0
  }, 
  "kappa52_MC12_190456-199429_8TeV_PromptReco": {
    "step": 1, 
    "weights": [
      0.007407612439260941, 
      0.0037877609359525488, 
      0.0037266118808965947, 
      0.0084270953280560102, 
      0.020857902656315961, 
      0.04156253909078176, 
      0.23478219674733775, 
      0.68379480156132777, 
      1.4726499248813922, 
      2.6652443313227288, 
      3.9895653011094683, 
      5.5829213684888055, 
      6.1749106154962679, 
      6.5035986989634296, 
      6.4330059684465404, 
      5.9663111321416338, 
      4.8881674590358584, 
      3.6403130104051629, 
      2.5486220969393214, 
      1.811920162272521, 
      1.3819111129566402, 
      1.1258525401944086, 
      0.96106258161376856, 
      0.84789755470110795, 
      0.74802850519803843, 
      0.66446167528120015, 
      0.58424248715601268, 
      0.51102485464855973, 
      0.4389289338583558, 
      0.37693872310421156, 
      0.32380134439814534, 
      0.27640430471598737, 
      0.23556896352131784, 
      0.20193527088014102, 
      0.17349050676527997, 
      0.14813464957697647, 
      0.12689548398033829, 
      0.11032043022274728, 
      0.096093159576418993, 
      0.084044583304929657, 
      0.074657460996428129, 
      0.067941135951924941, 
      0.062893096447182065, 
      0.058756691946274017, 
      0.057517847628091846, 
      0.057057386112688416, 
      0.058251185647914809, 
      0.06281474574486659, 
      0.068947775726869623, 
      0.077976922706604432
    ], 
    "xsection": 2950.0
  }, 
  "kappa52_MC12_190456-199754_8TeV_PromptReco": {
    "step": 1,