{
  "kappa42_MC11_powheg_160404-180252_7TeV_ReRecoNov08": {
    "step": 1, 
    "weights": [
      0.27627710294043673, 
      0.019966323353399408, 
      0.056913394726120677, 
      0.51764755183539635, 
      1.3638405192614684, 
      1.5141777144167907, 
      1.4974875527084492, 
      1.385027495897488, 
      1.2222911925990534, 
      1.3321413183541004, 
      1.3988087541992271, 
      1.5943292922679879, 
      1.464554549299129, 
      1.373849466440086, 
      1.2279776307035004, 
      1.0403141242664822, 
      0.91570186877986359, 
      0.43902373241486142, 
      0.25871614721941649, 
      0.10873676295988242, 
      0.039989273359053772, 
      0.012844456362074696, 
      0.0041707278104526893, 
      0.0011220978068110636, 
      0.00033411268278889445, 
      0.00010900796946437706, 
      3.5961706145225413e-05, 
      1.9513192831564692e-05, 
      4.4873764140976237e-06, 
      1.8143483777981653e-06, 
      1.8603512946287326e-06, 
      5.2986574225108986e-06, 
      1.2559858961866142e-05, 
      9.3230174041393114e-05, 
      4.1961625172184109e-05, 
      0.00017053916671413069, 
      0.00010935704643196984, 
      0.006095771808879308, 
      0.0, 
      0.00018281361827831452, 
      0.0, 
      0.0, 
      0.0, 
      0.0, 
      0.0, 
      0.0, 
      0.0, 
      0.0, 
      0.0, 
      0.0
    ], 
    "xsection": 1614.0
  }, 
  "kappa44_MC11_powheg_160404-180252_7TeV_ReRecoNov08": {
    "step": 1, 
    "weights": [
      0.27607052713052838, 
      0.019961847753939957, 
      0.056893087176603414, 
      0.5174255478536387, 
      1.3635307436211654, 
      1.5139568735126931, 
      1.4973264952835923, 
      1.3849588771034411, 
      1.2224345624226567, 
      1.3323511752036794, 
      1.3994415939569516, 
      1.5949485567466113, 
      1.4652867934377865, 
      1.3747088853827405, 
      1.2289038810376713, 
      1.0409054010131749, 
      0.91655050862091247, 
      0.43934686830806513, 
      0.25894218696578486, 
      0.10889695997113626, 
      0.040039651832166803, 
      0.012859063370554258, 
      0.0041742684162014631, 
      0.0011229022883078497, 
      0.00033414802181956437, 
      0.00010900151522267948, 
      3.5918412290461195e-05, 
      1.9455209175374043e-05, 
      4.4679815925138885e-06, 
      1.8003431010994606e-06, 
      1.8380525750655579e-06, 
      5.2111042606092443e-06, 
      1.2275228045858097e-05, 
      9.0229005420506728e-05, 
      4.0156835609378031e-05, 
      0.00016195573719118565, 
      0.00010121089704849582, 
      0.0058795684583086991, 
      0.0, 
      0.00016051307934739379, 
      0.0, 
      0.0, 
      0.0, 
      0.0, 
      0.0, 
      0.0, 
      0.0, 
      0.0, 
      0.0, 
      0.0
    ], 
    "xsection": 1614.0
  }, 
  "kappa52_MC12_190456-196531_8TeV_PromptReco": {
    "step": 1, 
    "weights": [
      0.007959684852333249, 
      0.0043820623451247343, 
      0.013231616113955482, 
      0.31456216528652836, 
      0.28192968337788543, 
      0.097955471329313509, 
      0.44181495901474516, 
      1.1021043583751344, 
      2.2618437655033845, 
      3.9189692336040793, 
      5.7694567390777829, 
      7.6969445040828441, 
      7.9769742609742726, 
      8.0369548390926315, 
      7.7344459953269267, 
      6.7303344142289152, 
      4.8862020035991893, 
      3.2737053724703959, 
      2.2258122352222971, 
      1.6202463795558733, 
      1.2693744374999314, 
      1.0446653393268366, 
      0.8873423996983002, 
      0.77254412911285897, 
      0.66840772458473441, 
      0.57846397242274017, 
      0.49264453505430261, 
      0.41543048703072577, 
      0.34269373241677797, 
      0.28168010384359188, 
      0.23085361063092924, 
      0.18743010652643244, 
      0.15148898263495622, 
      0.12280801002426379, 
      0.099507914417477195, 
      0.079917029465349732, 
      0.064219634394548114, 
      0.052233512923109099, 
      0.042449870037839038, 
      0.034544899821661625, 
      0.028471815724884209, 
      0.023971601017865, 
      0.020470230349825549, 
      0.017589265235382658, 
      0.015789370430648472, 
      0.014319834268442164, 
      0.013325471258461443, 
      0.013058066751075183, 
      0.0129857951052088, 
      0.013266110742274568
    ], 
    "xsection": 1614.0
  }, 
  "kappa52_MC12_190456-199429_8TeV_PromptReco": {
    "step": 1, 
    "weights": [
      0.0098094103249572479, 
      0.0076160786693739747, 
      0.0068892731416233437, 
      0.015461896276393633, 
      0.026449983382138765, 
      0.089622818392428596, 
      0.39182291494620458, 
      0.9711482656446333, 
      2.0080304710875838, 
      3.5876277230389002, 
      5.5421506893592216, 
      7.6787960440364778, 
      8.1494898711903332, 
      8.2948372573262183, 
      7.9326324046539067, 
      6.7879610276806277, 
      4.8746491769181599, 
      3.2738728730050859, 
      2.2468932339946193, 
      1.6483143538921492, 
      1.2958723714370177, 
      1.0657860359297004, 
      0.90171981106061372, 
      0.78042252697206593, 
      0.670721497073821, 
      0.57652882593001664, 
      0.48772588922929994, 
      0.40863652607244882, 
      0.33501796183202065, 
      0.2737612869142928, 
      0.22311170272033895, 
      0.1801707861174309, 
      0.14485972559094396, 
      0.11683032809915422, 
      0.094183725210701438, 
      0.075260616413133197, 
      0.060176535355055058, 
      0.04870398065588568, 
      0.039389418323242963, 
      0.031901862844407922, 
      0.026171378576581486, 
      0.021935504920225224, 
      0.018650093181581576, 
      0.015958412889547236, 
      0.014268312428268971, 
      0.012891338882592494, 
      0.011953192989793077, 
      0.011673783016184006, 
      0.011572365500740412, 
      0.011787063718554414
    ], 
    "xsection": 1614.0
  }, 
  "kappa52_MC12_madgraphV9_190456-195947_8TeV_PromptReco_v2": {
    "step": 1, 
    "weights": [
      0.0046937403778655445, 
      0.0037426320356787335, 
      0.0058599117279574233, 
      0.38320990564928081, 
      0.3995808906208822, 
      0.10280242837231521, 
      0.57586440668660377, 
      1.4475634696777888, 
      2.9357373513806806, 
      4.6439856049940058, 
      5.7771319801711654, 
      7.1171584613674161, 
      7.5724255664651423, 
      7.9043842621410674, 
      7.8472151652199864, 
      7.0449170203298372, 
      5.2535135627016096, 
      3.5510242924573183, 
      2.3808026235245205, 
      1.687322365376738, 
      1.2851941118187442, 
      1.0305228804082531, 
      0.85481660093535961, 
      0.72868775716066025, 
      0.61855637423004861, 
      0.52569231885611512, 
      0.43973104186454004, 
      0.36416093689025064, 
      0.29492849873122906, 
      0.23791765031017198, 
      0.19130291629950644, 
      0.15233922462175656, 
      0.12073424813689204, 
      0.095952534459093686, 
      0.076204852321495889, 
      0.059977103338710133, 
      0.047225063471613982, 
      0.037632447250981298, 
      0.029961346420021708, 
      0.023884554339939957, 
      0.019283480274394776, 
      0.015903899579899773, 
      0.013303720306568617, 
      0.011198379893866749, 
      0.009847970553259637, 
      0.0087501295206832627, 
      0.0079776754365290647, 
      0.0076597753971735169, 
      0.0074641449880991917, 
      0.0074725316375456102
    ], 
    "xsection": 1614.0
  }
}