{
  "kappa42_MC11_powheg_160404-180252_7TeV_ReRecoNov08": {
    "step": 1, 
    "weights": [
      0.27627710294043673, 
      0.019966323353399408, 
      0.056913394726120677, 
      0.51764755183539635, 
      1.3638405192614684, 
      1.5141777144167907, 
      1.4974875527084492, 
      1.385027495897488, 
      1.2222911925990534, 
      1.3321413183541004, 
      1.3988087541992271, 
      1.5943292922679879, 
      1.464554549299129, 
      1.373849466440086, 
      1.2279776307035004, 
      1.0403141242664822, 
      0.91570186877986359, 
      0.43902373241486142, 
      0.25871614721941649, 
      0.10873676295988242, 
      0.039989273359053772, 
      0.012844456362074696, 
      0.0041707278104526893, 
      0.0011220978068110636, 
      0.00033411268278889445, 
      0.00010900796946437706, 
      3.5961706145225413e-05, 
      1.9513192831564692e-05, 
      4.4873764140976237e-06, 
      1.8143483777981653e-06, 
      1.8603512946287326e-06, 
      5.2986574225108986e-06, 
      1.2559858961866142e-05, 
      9.3230174041393114e-05, 
      4.1961625172184109e-05, 
      0.00017053916671413069, 
      0.00010935704643196984, 
      0.006095771808879308, 
      0.0, 
      0.00018281361827831452, 
      0.0, 
      0.0, 
      0.0, 
      0.0, 
      0.0, 
      0.0, 
      0.0, 
      0.0, 
      0.0, 
      0.0
    ], 
    "xsection": 1614.0
  }, 
  "kappa44_MC11_madgraph_160404-180252_7TeV_ReRecoNov08": {
    "step": 1, 
    "weights": [
      0.22659540455757801, 
      0.020871565928437689, 
      0.058859767620511372, 
      0.54344126569635176, 
      1.3564316197178907, 
      1.4977349790097547, 
      1.4251637782124846, 
      1.3664785242988005, 
      1.2985751745017351, 
      1.2929387617723651, 
      1.381446243538917, 
      1.7187532896563096, 
      1.5374989901692806, 
      1.362397452884639, 
      1.2306071387478432, 
      1.0204095985009947, 
      1.0227566960774335, 
      0.39808998394425438, 
      0.23154514350171554, 
      0.11073140437026917, 
      0.04338140513658869, 
      0.011216228269849082, 
      0.0041421468900429918, 
      0.0011726363999237448, 
      0.00037087078942827707, 
      0.0001131634225908473, 
      3.9043669772938193e-05, 
      1.6020552352468487e-05, 
      4.881256577328978e-06, 
      1.4086565724323417e-06, 
      1.921223949300453e-06, 
      4.2042545635393027e-06, 
      2.4059622196833577e-05, 
      4.2884391041284319e-05, 
      4.9028539293790349e-05, 
      0.0024119275591891879, 
      9.3000458322855685e-05, 
      0.0, 
      0.0, 
      0.00016209972008220756, 
      0.0, 
      0.0, 
      0.0, 
      0.0, 
      0.0, 
      0.0, 
      0.0, 
      0.0, 
      0.0, 
      0.0
    ], 
    "xsection": 1614.0
  }, 
  "kappa44_MC11_powheg_160404-180252_7TeV_ReRecoNov08": {
    "step": 1, 
    "weights": [
      0.27607052713052838, 
      0.019961847753939957, 
      0.056893087176603414, 
      0.5174255478536387, 
      1.3635307436211654, 
      1.5139568735126931, 
      1.4973264952835923, 
      1.3849588771034411, 
      1.2224345624226567, 
      1.3323511752036794, 
      1.3994415939569516, 
      1.5949485567466113, 
      1.4652867934377865, 
      1.3747088853827405, 
      1.2289038810376713, 
      1.0409054010131749, 
      0.91655050862091247, 
      0.43934686830806513, 
      0.25894218696578486, 
      0.10889695997113626, 
      0.040039651832166803, 
      0.012859063370554258, 
      0.0041742684162014631, 
      0.0011229022883078497, 
      0.00033414802181956437, 
      0.00010900151522267948, 
      3.5918412290461195e-05, 
      1.9455209175374043e-05, 
      4.4679815925138885e-06, 
      1.8003431010994606e-06, 
      1.8380525750655579e-06, 
      5.2111042606092443e-06, 
      1.2275228045858097e-05, 
      9.0229005420506728e-05, 
      4.0156835609378031e-05, 
      0.00016195573719118565, 
      0.00010121089704849582, 
      0.0058795684583086991, 
      0.0, 
      0.00016051307934739379, 
      0.0, 
      0.0, 
      0.0, 
      0.0, 
      0.0, 
      0.0, 
      0.0, 
      0.0, 
      0.0, 
      0.0
    ], 
    "xsection": 1614.0
  }, 
  "kappa50_MC12_madgraph_190456-191859_8TeV_PromptReco": {
    "step": 1, 
    "weights": [
      0.0053334045985807769, 
      0.013231467877314525, 
      0.0451550512290749, 
      21.828270691396252, 
      21.673933794660076, 
      0.14438780653656255, 
      0.17761977199268689, 
      0.1415993785339669, 
      0.37813718979402505, 
      2.4346714196408459, 
      8.8527620991211027, 
      16.285520628287195, 
      13.155667186906966, 
      12.097115729557961, 
      12.142681134455099, 
      10.89383809899582, 
      7.9689668489641097, 
      5.0415145915249298, 
      2.9663153960887954, 
      1.7745109822549305, 
      1.1387606488257414, 
      0.78267546586268044, 
      0.58303482025333164, 
      0.44793612580354725, 
      0.34433424134264301, 
      0.25931044513127849, 
      0.19312990065626665, 
      0.1378222561809061, 
      0.096888964168059297, 
      0.067386719500916709, 
      0.045262536073827478, 
      0.029908346765308371, 
      0.019236238799587555, 
      0.012133894615870548, 
      0.0074963424649998828, 
      0.0045070153746642671, 
      0.0026813996430179502, 
      0.0015528143192269396, 
      0.00088000873775432534, 
      0.00048635919100230659, 
      0.00026673133451154301, 
      0.00014663099753056281, 
      7.9747811128805474e-05, 
      4.2577524092278787e-05, 
      2.3267447893519273e-05, 
      1.2354512989273216e-05, 
      6.7928332607291492e-06, 
      3.8300852825043342e-06, 
      2.1474737102918087e-06, 
      1.1943402273321632e-06
    ], 
    "xsection": 1614.0
  }, 
  "kappa50_MC12_madgraph_190456-193336_8TeV_PromptReco": {
    "step": 1, 
    "weights": [
      0.0064948555524225078, 
      0.014784865804640519, 
      6.2479066596477821, 
      495.19337241246637, 
      5.5111469176647745, 
      0.27601461088194756, 
      0.12783943021038069, 
      0.26466651749298764, 
      1.7421087546473606, 
      10.92992090451405, 
      20.01888498474386, 
      22.834775384221665, 
      17.511571236101727, 
      15.662839369343743, 
      13.742532670969242, 
      10.5641292389134, 
      6.85586978687427, 
      4.0817717096244852, 
      2.3589278176612845, 
      1.3799544151618948, 
      0.84519361767088419, 
      0.55404098179210937, 
      0.39726539607963157, 
      0.29388755428385466, 
      0.21597987564760332, 
      0.15388668367461172, 
      0.10722437211841654, 
      0.070818853702857038, 
      0.045656842689061644, 
      0.028934263549989615, 
      0.017659420079508961, 
      0.010617059140383283, 
      0.0062461158305229438, 
      0.003635261903705723, 
      0.0020953751302785224, 
      0.0011902145961118732, 
      0.00067774119363841546, 
      0.00038043863597074198, 
      0.00021146063352081392, 
      0.00011584523962510426, 
      6.3564848903930579e-05, 
      3.5244803992607059e-05, 
      1.9468662641543877e-05, 
      1.0620820098883963e-05, 
      5.9616341740936152e-06, 
      3.2665988754782137e-06, 
      1.8611652268510897e-06, 
      1.0915911328035231e-06, 
      6.388982841650295e-07, 
      3.7215861982343317e-07
    ], 
    "xsection": 1614.0
  }, 
  "kappa52_MC12_madgraphS6_190456-193557_8TeV_PromptReco": {
    "step": 1,