{
  "kappa44_MC11_powheg_160404-180252_7TeV_ReRecoNov08": {
    "step": 1, 
    "weights": [
      0.27607052713052838, 
      0.019961847753939957, 
      0.056893087176603414, 
      0.5174255478536387, 
      1.3635307436211654, 
      1.5139568735126931, 
      1.4973264952835923, 
      1.3849588771034411, 
      1.2224345624226567, 
      1.3323511752036794, 
      1.3994415939569516, 
      1.5949485567466113, 
      1.4652867934377865, 
      1.3747088853827405, 
      1.2289038810376713, 
      1.0409054010131749, 
      0.91655050862091247, 
      0.43934686830806513, 
      0.25894218696578486, 
      0.10889695997113626, 
      0.040039651832166803, 
      0.012859063370554258, 
      0.0041742684162014631, 
      0.0011229022883078497, 
      0.00033414802181956437, 
      0.00010900151522267948, 
      3.5918412290461195e-05, 
      1.9455209175374043e-05, 
      4.4679815925138885e-06, 
      1.8003431010994606e-06, 
      1.8380525750655579e-06, 
      5.2111042606092443e-06, 
      1.2275228045858097e-05, 
      9.0229005420506728e-05, 
      4.0156835609378031e-05, 
      0.00016195573719118565, 
      0.00010121089704849582, 
      0.0058795684583086991, 
      0.0, 
      0.00016051307934739379, 
      0.0, 
      0.0, 
      0.0, 
      0.0, 
      0.0, 
      0.0, 
      0.0, 
      0.0, 
      0.0, 
      0.0
    ], 
    "xsection": 1614.0
  }, 
  "kappa539_MC12_herwig_190456-208686_8TeV_22Jan2013ReReco": {
    "step": 1, 
    "weights": [
      0.34355067059524436, 
      0.30410272361387714, 
      0.28696459458805745, 
      0.29553069930520764, 
      0.33245482118051317, 
      0.53162025263940094, 
      0.44541098072354784, 
      0.44655263470278533, 
      0.61431379758752247, 
      0.92252848108916929, 
      1.3324006191597002, 
      1.6273721426110366, 
      1.7622453329708172, 
      1.5503926152393144, 
      1.3296487895037898, 
      1.1571687188733675, 
      1.062031523699688, 
      1.0380546700460005, 
      1.0668407306431302, 
      1.1174080881144373, 
      1.1515051002688426, 
      1.1742088648426767, 
      1.1814519923453288, 
      1.177073732527588, 
      1.1762289190889612, 
      1.1226090283445698, 
      1.050554978471548, 
      0.96207211329782993, 
      0.85509939272899516, 
      0.72737027101197271, 
      0.60456640715993348, 
      0.49007885473144847, 
      0.38614426245337008, 
      0.27771185289430284, 
      0.20323807651544401, 
      0.14260070836923797, 
      0.093208108342169443, 
      0.059883756610039363, 
      0.03667926347828316, 
      0.021339524682038761, 
      0.012918924603419453, 
      0.0075550812866588893, 
      0.0044076618778036867, 
      0.0027030581864503954, 
      0.0017472377208467653, 
      0.0011655235723216446, 
      0.00087160104635320963, 
      0.00064648461560192156, 
      0.00054912477958526441, 
      0.00043134180828072974, 
      0.00040710083182133059, 
      0.00033864111840248084, 
      0.00028953288527660702, 
      0.00024536834512915441, 
      0.00023015984282403221, 
      0.00016982359786861726, 
      0.00014547508941076864, 
      0.00015667783114051251, 
      0.00010197725713527456, 
      0.00024154991454025031, 
      0.0, 
      0.0, 
      0.0, 
      0.0, 
      0.0, 
      0.0, 
      0.0, 
      0.0, 
      0.0, 
      0.0
    ], 
    "xsection": 3503.71
  }, 
  "kappa539_MC12_madgraph_190456-208686_8TeV_22Jan2013ReReco": {
    "step": 1, 
    "weights": [
      0.25192452935737253, 
      0.24326998366785782, 
      0.34963779392091371, 
      0.32892202849244123, 
      0.32026042136680044, 
      0.5703146192092694, 
      0.43966190353673779, 
      0.44692893768288405, 
      0.62243059079066032, 
      0.92747855408973812, 
      1.3232205439960545, 
      1.6787286208961478, 
      1.7365513881407453, 
      1.5418203140135993, 
      1.3229709368250606, 
      1.1512393688601172, 
      1.0748845288903095, 
      1.0432626412466468, 
      1.060694531352576, 
      1.1063327861289645, 
      1.1497846548909121, 
      1.1727829172575215, 
      1.1899338049153514, 
      1.1840182697152049, 
      1.1700891102063768, 
      1.1231444984749932, 
      1.0519265233002064, 
      0.95855079236005392, 
      0.84913217711486155, 
      0.72968224339143639, 
      0.60398824314062838, 
      0.48472864039446689, 
      0.37530460201972554, 
      0.2855084315809725, 
      0.20539649312740685, 
      0.14231717927513871, 
      0.094338774244472359, 
      0.059762761678948562, 
      0.036467977107634053, 
      0.021749301612035685, 
      0.012955728244721897, 
      0.0075529419738112856, 
      0.0045357512888798707, 
      0.0027481871911737136, 
      0.0017467613519363844, 
      0.0012283159672906007, 
      0.0008616150609954584, 
      0.00066319104150992477, 
      0.00053030089706695917, 
      0.00042549092421217494, 
      0.00036714720589143179, 
      0.00033250659741303754, 
      0.00026910514210987563, 
      0.0002716790117834981, 
      0.0002149765176658518, 
      0.00019282229002968713, 
      0.00018517410140319126, 
      0.0001723369749319035, 
      0.00013805459661928236, 
      0.00022773564580024023, 
      0.0, 
      0.0, 
      0.0, 
      0.0, 
      0.0, 
      0.0, 
      0.0, 
      0.0, 
      0.0, 
      0.0
    ], 
    "xsection": 3503.71
  }, 
  "kappa539_MC11_160404-180252_7TeV_ReRecoNov08_v2": {
    "step": 1, 
    "weights": [
      76.496223266515614, 
      1.5795636401034283, 
      0.67587560058018081, 
      0.66878830801480682, 
      0.80706227597582358, 
      0.86397474541378039, 
      0.86166043997107977, 
      0.89013224460518048, 
      0.92435998198692304, 
      0.95606596637600882, 
      0.95841299127113355, 
      0.93207704729963858, 
      0.96123189365640316, 
      1.1013333879016358, 
      1.4189848372667475, 
      2.0464633244559458, 
      3.2785744781410648, 
      5.8844118839271351, 
      11.628311786868176, 
      24.696356748736829, 
      55.411578127015638, 
      93.708608207280108, 
      173.86360018192991, 
      0.0, 
      0.0, 
      0.0, 
      0.0, 
      0.0, 
      0.0, 
      0.0, 
      0.0, 
      0.0, 
      0.0, 
      0.0, 
      0.0, 
      0.0, 
      0.0, 
      0.0, 
      0.0, 
      0.0, 
      0.0, 
      0.0, 
      0.0, 
      0.0, 
      0.0, 
      0.0, 
      0.0, 
      0.0, 
      0.0, 
      0.0, 
      0.0, 
      0.0, 
      0.0, 
      0.0, 
      0.0, 
      0.0, 
      0.0, 
      0.0, 
      0.0, 
      0.0, 
      0.0, 
      0.0, 
      0.0, 
      0.0, 
      0.0, 
      0.0, 
      0.0, 
      0.0, 
      0.0, 
      0.0
    ], 
    "xsection": 68000.0
  }
}